name,phone,state,religion
A G TIMBER & PLYWOOD (OWN),919886758594,,Not Known
ADVENT STONE CALIBRATION PVT LTD,919886765133,Karnataka,Not Known
AGASTYA PACKAGING INDUSTRIES,919515422671,,Not Known
AIP PRODUCTS AND SOLUTION PRIVATE LIMITED,918861842222,Karnataka,Hindu
AMAZON WOODS,919879099331,,Not Known
AMBICA PATTERNS INDIA PVT. LTD.,919886837016,Karnataka,Hindu
AMBIKA WOOD INDUSTRIES,919790022247,Tamil Nadu,Hindu
ANSARI TRADERS,919840167716,Tamil Nadu,Not Known
ARSH TRADERS,919445001653,Tamil Nadu,Not Known
ASHOK PACKTECH P LTD,919825508549,Gujarat,Hindu
Amazon wood,919879099331,,
Amulya enterprises ,916302335833,,
BAKSHISH PALLET INDUSTRIES,919700092550,,Not Known
BALAJI WOOD,919845077208,,Not Known
BANGLORE TIMBER CORPORATION,919845526098,,Not Known
BHAGAWATI WOOD INDUSTRIES,918095464070,Karnataka,Hindu
BHAGWAN PACTEC,919849174740,,Not Known
BHAGWATI PACKING,919822869343,Maharashtra,Not Known
BHAGWATI TIMBER - NEELMANGLA,918867779664,Karnataka,Hindu
BHARAT TIMBER,919920569033,Maharashtra,Muslim
Bajrang Timber Surat,919376154942,,
Bharat wood,919822248864,,
CLASSIC EXPORTS,919845945700,Karnataka,Not Known
CREST LASHING AND PACKAGING P LTD-PUNE,919976772632,,Not Known
CREST LASHING AND PACKAGING PRIVATE LIMITED,919941541079,Telangana,Hindu
CSV packeging ,919500093402,,
EKAA INDUSTRIES P LTD,919673008564,,Not Known
ESTEEM LUMBERS P LTD,919791127108,,Not Known
ESTEEM PALLET & PACKAGINGS,919346781098,,Not Known
EVERGREEN ENTIRE PACKAGING,919962939538,Tamil Nadu,Not Known
EVERSHINE WOOD PACKAGING P LTD,919444444577,,Not Known
EXCEL INDUSTRIAL PACKGING PVT LTD (NEW),919444903537,Tamil Nadu,Hindu
FAB WOOD,919844044030,Karnataka,Hindu
FICUS PAX PRIVATE LIMITED (BANGALORE),919952985028,,Not Known
GAURI WOOD PACKERS,919994178885,Tamil Nadu,Hindu
GLOBAL PACKAGING SOLUTION,919848817347,,Not Known
GOLDEN WOOD,919346386381,,Not Known
GREEN PACKS-AYUSH LLP,917742641740,Maharashtra,Not Known
GWP SOLUTIONS PVT LTD,919035447777,,Not Known
Gauri wood,919840776234,,
HINDUSTAN ENTERPRISES,919845144001,Karnataka,Hindu
HOLZ INDIA,918308847369,Maharashtra,Not Known
IE PALLETS PRIVATE LIMITED,918291257975,,Not Known
IKON SOFA,919543434777,Tamil Nadu,Not Known
INDUSTRIAL PACKERS - CHAKAN,919823023860,,Not Known
JAI MARUTHI INDUSTRIES,918870243868,Tamil Nadu,Hindu
JAY DWARKADHISH SEASONERS,919850540006,,Not Known
JAY TIMBER,919945218881,Karnataka,Hindu
JAY WOOD INDUSTRY,919920098199,Maharashtra,Jain
JAYANT PACKING INDUSTRY,919821099981,,Not Known
K D WOOD PACK,919888309303,Karnataka,Hindu
K K PALLET INDUSTRY,919566737393,,Not Known
K. K ENTERPRISES,919604550505,,Not Known
KAMALDEEP ENGINEERS PRIVATE LIMITED,919350905790,Rajastan,Hindu
KANCHEE WOOD WORKS & SAW MILL,919360384412,,Not Known
KANHA INDUSTRIES,919391232286,Telangana,Hindu
KAPNIL INDUSTRIES PRIVATE LIMITED,919011840387,Maharashtra,Hindu
KBN ENTERPRISES,919886463205,,Not Known
KEDARNATH PACKING INDUSTRIES ( AURENGABAD),919370226211,,Not Known
KENWOOD TRADERS,919841211354,Tamil Nadu,Muslim
KRISHNA PACKING CASES,919840094953,Tamil Nadu,Not Known
KRISHNA WOOD WORKS,919994999923,,Not Known
LR TRADERS,916381240922,Tamil Nadu,Not Known
M A WOOD WORK,919167276919,,Not Known
M.K.M & SONS,919840831551,Tamil Nadu,Hindu
M/S G D SAW MILL,919849374548,,Not Known
M/S. YOHAVEV YIRE WOOD PACKING,919894028777,Tamil Nadu,Not Known
MADHAN ENTERPRISES,919840411841,Tamil Nadu,Not Known
MADHULAKSHMI WOOD INDUSTRIES,919986529990,Karnataka,Hindu
MAHARASHTRA SAW MILL,919822023839,Maharashtra,Hindu
MEEM RELIABLE TRADERS /CLASSIC WOOD TRADERS,918019486172,Telangana,Muslim
MEGHA INDUSTRIES,919000011631,,Not Known
Maha wood,917708513741,,
Makbool bhai,918369799869,,
Mother care ,919822335500,Pune,
Mr.GREEN TIMBERS AND PLYWOOD,919962710075,Tamil Nadu,Not Known
N V ENTERPRISES,919108779216,Karnataka,Not Known
NATIONAL PLYWOOD,919011050673,Maharashtra,Hindu
NEFAB INDIA PVT LTD,919607980916,Maharashtra,Not Known
NICE ENTERPRISES,919449632323,Karnataka,Hindu
National wood,919825114593,farukh,
OM LAXMI NARAYAN INDUSTRIES,919246560523,Telangana,Not Known
OM SAI BHAVANI ENTERPRISES,918978888047,Telangana,Hindu
PACMART PACKAGING,919159372237,Tamil Nadu,Not Known
PALLETS INDIA - TAMIL NADU,919444903166,Tamil Nadu,Hindu
PATEL INDUSTRIES,919423150399,Maharashtra,Hindu
PATH INSULATIONPRIVATE LIMITED,919762259505,Maharashtra,Not Known
POONAM WOOD PACKAGING PVT.LTD,919444902537,Tamil Nadu,Hindu
PRACHI MAM,919820121110,,Not Known
PRAGATI WOOD INDUSTRIES,919100161198,,Not Known
PRAYOJANA SERVICES,918888456035,Maharashtra,Not Known
PREMIUM PROTECTIVE PACKAGING,919003091339,Tamil Nadu,Not Known
PRONGHORN PACKING AND LOGISTICS PRIVATE LIMITED,918125155981,,Not Known
PYRAMID TIMBER ASSOCIATES PRIVATE,917899548337,,Not Known
R K ENTERPRISES,919421243444,Goa,Not Known
R R INDUSTRIAL PACKAGING PVT. LTD.,919922969074,,Not Known
RAVI INDUSTRIES,919850221213,,Not Known
RELIABLE PACKAGING- TALOJA,919819950518,,Not Known
RITIKA MISHRA,917350202846,,Not Known
RM PACKAGING & LOGISTICS ,917780711965,Telangana,Hindu
ROCSTER EXPORTS,919727655111,,Not Known
RUSAT TIMBER DEPOT,919989497239,Telangana,Hindu
S V & CO.,919870666937,,Not Known
SAKSHI BANG,919029384050,,Not Known
SARASWATI CORPORATIONS,919822832229,Goa,Hindu
SARVODAY TIMBER INDUSTRIES,919925036345,,Not Known
SEAWORTHY PACK TECH PVT. LTD.,917066001933,Maharashtra,Hindu
SHAH TRADERS,919819134217,Maharashtra,Not Known
SHANTI TIMBER INDUSTRIES,919822663399,,Not Known
SHIV SHAKTI TIMBER INDUSTRIES,919441054306,,Not Known
SHREE GANESH WOOD PACKING - RANJANGAON,919822815453,,Not Known
SHREE KRISHNA VIJAY SAW MILL,919822008988,,Not Known
SHREESHYAM PACKAGING P LTD,919923543796,Maharashtra,Hindu
SHRI JAYA TIMBER,919677003507,Tamil Nadu,Hindu
SIGNODE INDIA LTD - HYDERABAD,919328180303,Telangana,Not Known
SILVER WOOD CORNER,919987332340,,Not Known
SK PACKAGING INDUSTRIES,919032796059,,Not Known
SOUTHERN TIMBERS,919900100124,,Not Known
SPRUCE PAX PRIVATE LIMITED,919881503055,Maharashtra,Hindu
SRI GANESH TIMBER DEPOT,919845449358,Karnataka,Hindu
SRI GANESH WOOD PACKING PVT. LTD. (TAMIL NADU),919840912929,,Not Known
SRI HARI TIMBER & TRADERS,919842028946,Tamil Nadu,Hindu
SRI SWASTIK SAW MILLS,919108501794,,Not Known
SRI VINAYAGA ENTERPRISES,919840084821,Tamil Nadu,Hindu
STARLINE PACKERS PVT. LTD.,919148578006,Karnataka,Christian
SUN DALE PACKERS,917358298116,,Not Known
SURYA PACKING SOLUTIONS- UNIT-2,919848543472,Telangana,Hindu
SVSM PACKAGING P LTD - TELENGANA,919959635888,,Not Known
SWARA INDUSTRY,919764161734,Maharashtra,Not Known
SWASTIK WOOD INDUSTRIES,919701916259,,Not Known
TRG INDUSTRIAL PACKAGING,919445867660,Tamil Nadu,Not Known
TRINITY PACKAGING CO. PVT. LTD,919821317033,,Not Known
V K ENTERPRISES,919867085263,Maharashtra,Hindu
VANDANA TIMBERS,919000999121,Telangana,Hindu
VIJAY LAXMI TIMBER DEPOT-HYDERABAD,919989244731,,Not Known
VIJAY WOOD INDUSTRIES,919008132373,Karnataka,Hindu
VIJAYA LAKSHMI SAW MILL (HOSUR),919442105040,Tamil Nadu,Hindu
VJ PACKAGING INDIA PRIVATE LIMITED,919789777187,Tamil Nadu,Not Known
Vikram Timber,919866445522,,
WOODFAB PACKAGING,918072101991,Tamil Nadu,Not Known
WOODS KING TRADERS,919597348870,Tamil Nadu,Not Known
XCEED PACKAGING SOLUTIONS,919940031454,,Not Known
XL ROTOPAC,917075791859,Andhra Pradesh,Not Known
indian enterprises,919221462007,,
wood Al sayyed,919066173984,,
